,text
0,['kalau minta ktpkksim skip ya itu semua dokumen confidential doc tsb di minta hr hanya kalau loe letter of appointment udh km ttd perlu utk hitung pph amp bpjs tk semangat job seeker']
1,['cicil tanpa kartu credit syarat ktp dan npwp ktp dan sim ktp dan bpjs wa cicilhp cicilantanpakartukredit cicilanmurah']
2,['tas taruh loker tanpa kunci harap bawa benda harga bayang bawa laptop dompet hape buku polpen wkwkwk saat mau pinjam buku tulis di kartu pinjam untuk pinjam dan kartu satu lagi paling ajaib minta kartu jamin simktpbpjs']
3,['mohon bantu dips buat yang nemuin dompet warna hitam kecil sama cardcase isi ada ktp sim kartu atm ktm fib dan bpjs an nila sekitar burjo in tunjungsari bisa respon sini butuh banget kartu nya']
4,['x aku nder di mitra medika an tanpa bpjs selain sih telinga juga buat pake alat bantu dengar buat sim selain bersih juga buat cek kondisi dengar gak tahu berapa orang rumah yg bayar']
5,['happy birthday aiden wyatb longlast gws ktp sim kk bpjs wkwkwk canda moga panjang umur sehat selalu lancar segala dan langgeng juga sama pacar']
6,['bpjs jadi syarat panjang atau buat baru sim via polantas balikpapan']
7,['iyaa ada sim ktp stnk bpjs atm dll wkwk']
8,['kalo umur hidup tinggal di kapal bisa ngga ya di indonesia soal administrasi macam ktp sim bpjs dll apa bisa urus']
9,['cicil tanpa kartu kredit cicil tanpa ribet dapat dp mulai bunga mulai amp free admin syarat aju ktp amp dokumen pendukungsim npwp bpjs dll proses hanya menit homecreditregion agensobatbelanja homecreditpromobekasi lok mall metropolitan bekas']
10,['paling males kalau ngurus ktp sim dan bpjs surat hilang g cukup utk terbit kartu yg baru habis waktu dan tenaga']
11,['cicil tanpa kartu credit syarat ktp dan npwp ktp dan sim ktp dan bpjs wa cicilhp cicilantanpakartukredit cicilanmurah']
12,['hbd bpjs skck npwp ktp sim siup bpom mamang aksa']
13,['sumpah ya aku tuh jarang bawa dompet sampe gatau isi ada brp dah mana itu ada ktp sim a sim c bpjs']
14,['betul pak mohon pak dinas dinas layan masyarakat yg lain tolong laku sabtu minggu kalau tdk kita tdk akan bisa cepatmisalnya layan stnksim dll apalagi bpjs poliklinik rs sakit kami makin parah karena nunggu hari senin dll makasih']
15,['rip ktp kartu vaksin kartu atm bpjs sim']
16,['pas anter teteh ngaji lupa sletingin dompet alhasil isi dompet hambur semua ya allah hp admin sim a dan c kartu btn bca bpjs alhamdulillah yg nemuin baik jadi kembali dengan selamat']
17,['cicil tanpa kartu credit syarat ktp dan npwp ktp dan sim ktp dan bpjs wa cicilhp cicilantanpakartukredit cicilanmurah']
18,['dalam ada ktp npwp sim stnk bpjs kartu atm']
19,['cuman situ waras ya udah coba lu ganti nama mulai dari akta lahir kartu keluarga ktp sim stnk bpjs ijazah sertifikat tanah berapa uang waktu dan energi yang buang']
20,['publik sangat rugi ganti nama jalan imbas pada ubah identitas ktpstnksimsertifikat tanahbpjs dll tambah ubah nama']
21,['ganti nama jalan efek ke dukcapil sim stnk dll skrg ganti nama rumah sakit arti sistem koresponden dan rujuk bpjs dll hrs ganti semua lg siapa sih yg milih ini org bngst']
22,['atm bpjs kartu vaksin sim ktp']
23,['ktp sim dan bpjs']
24,['cicil tanpa kartu credit syarat ktp dan npwp ktp dan sim ktp dan bpjs wa cicilhp cicilantanpakartukredit cicilanmurah']
25,['itu poto kopi ktp kk bpjs sim dll yg tiap hari buat syarat apa coba telusur sampah mana pak kalau ujung cuman dikiloin arti bisa salah guna bisa tuntut bocor privasi']
26,['sim c kartu debit flazz ktp bpjs']
27,['ktp sim stnk bpjs ktm atm kartu obat puskesmas pasphoto kaca materai fc ktp peniti']
28,['private terms kak bpjs dan info sim card aja bisa bocor orang demgan pengaruh auto sering nak teror nah ini duit mbak duit mbak bukak hp sett tau tau saldo bulan paypal ilang belum lagi yg makek level corporate bisa nak colong tuch uang']
29,['celana pendek mikro celana olahraga kolor olahrga pria celana fitnes celana gym celana runing rp sim c kevin sanjaya sukamuljo gopay galon oplos bpjs barugajian luffytoken semangka wapres jt bumn blokirgakpakemikir kimdami blokirkominfo']
30,['stiker vinyl lantai marbel biar lantai tambah aesthetic cek di shopee trend sim c kevin sanjaya sukamuljo gopay galon oplos kuat iman arab bpjs barugajian luffytoken semangka wapres jt bumn blokirgakpakemikir']
31,['botol cetak bola es batu bentuk bulat dan anti ribet cek di shopee trend sim c kevin sanjaya sukamuljo gopay galon oplos kuat iman arab bpjs barugajian luffytoken semangka wapres jt bumn blokirgakpakemikir']
32,['siswa sma di malang ini niat bunuh diri di jembatan soekarno hatta malang endingnya malah begini trending kevin sanjaya sukamuljo jt sim c galon oplos wapres arab bpjs bumn gopay']
33,['ungkap keris petir sakti gus samsudin jual online rp ribu nitizen ngakak sampe bilang gin trending kevin sanjaya sukamuljo jt sim c galon oplos wapres arab bpjs bumn gopay']
34,['the way of sholat khusuk guys bpjs kepala desa wapres amel sim c']
35,['ungkap putra amien rais ini suka minum alkohol bagai merek nyata trending kevin sanjaya sukamuljo jt sim c galon oplos wapres arab bpjs bumn gopay']
36,['stop insecure and do more bpjs kepala desa wapres amel sim c']
37,['from zero to hero bisa yuk bisa bpjs kepala desa wapres amel sim c']
38,['baik kadang kayak limited edition gak si bpjs kepala desa wapres amel sim c']
39,['keren banget sih handheld gimbal wireless bluetoothnya cek di shopee trend sim c kevin sanjaya sukamuljo gopay galon oplos arab bpjs luffytoken amel wapres jt bumn blokirgakpakemikir']
40,['how to be stronger bpjs kepala desa wapres amel sim c']
41,['rekomendasi sendal anakanak lucusimple gopay blacpink is coming tandatangani petisi jt sim c bpjs isac kevin sanjaya sukamuljo kimdami nct']
42,['heluzka kaos polos pria ael series rp jt sim c gopay tandatangani petisi galon oplos bpjs happy birthday adorable boy arab']
43,['smooth basic tshirt regular fit black charcoal rp jt sim c gopay tandatangani petisi galon oplos bpjs happy birthday adorable boy arab']
44,['avoskin miraculous refining series travel kit rp jt sim c gopay tandatangani petisi galon oplos bpjs happy birthday adorable boy arab']
45,['aerostreet windbreaker jaxton jacket army iaaaa rp jt sim c gopay tandatangani petisi galon oplos bpjs happy birthday adorable boy arab']
46,['ayo gabung di gera tolak presidential threshold sim c wapres puan capres pdip bpjs bumn morningg pagi subuh galon oplos ruhut jt kevin sanjaya sukamuljo gopay kuat iman islam nabi arab tandatangani petisi']
47,['bathix koko kurta farabbi pria muslim premium rp jt sim c gopay tandatangani petisi galon oplos bpjs happy birthday adorable boy arab']
48,['terrel sportswear basic tee green tshirt baju olah raga gym lari running rp jt sim c gopay tandatangani petisi galon oplos bpjs happy birthday adorable boy arab']
49,['cair spaylater krediv akulaku kartu kredit homecredit bri ceria indodana gopaylater travelokapaylater dll jadi hubung galon oplos kevin sanjaya sukamuljo tandatangani petisi happy birthday adorable boy bpjs sim c nabi kimdami']
